{
  "model": "yolov8s.pt",
  "optimizer": "AdamW",
  "lr0": 0.001,
  "batch": 8,
  "imgsz": 512,
  "weight_decay": 0.001,
  "mAP50_mean": 0.9826579528729421,
  "mAP50_std": 0.005208587708563968
}
